{"V001": 8251.380000000001, "V002": 10520.460000000017}